,0,1,accuracy,macro avg,weighted avg
precision,0.24390243902439024,0.9626168224299065,0.7635135135135135,0.6032596307271484,0.8946303267023576
recall,0.7142857142857143,0.7686567164179104,0.7635135135135135,0.7414712153518124,0.7635135135135135
f1-score,0.36363636363636365,0.8547717842323651,0.7635135135135135,0.6092040739343644,0.8083130282300406
support,14.0,134.0,0.7635135135135135,148.0,148.0
