,0,1,accuracy,macro avg,weighted avg
precision,0.5,0.9225352112676056,0.9054054054054054,0.7112676056338028,0.882565664255805
recall,0.21428571428571427,0.9776119402985075,0.9054054054054054,0.5959488272921108,0.9054054054054054
f1-score,0.3,0.9492753623188406,0.9054054054054054,0.6246376811594203,0.8878574226400314
support,14.0,134.0,0.9054054054054054,148.0,148.0
